iter	Logloss
0	0.6682898712
5	0.5653113556
10	0.4905436707
15	0.4363363647
20	0.3968860626
