iter	Logloss
0	0.6674717712
5	0.5614213943
10	0.4846517944
15	0.4295405579
20	0.3891605759
